id,tipo,tension_kv,longitud_km,num_circuitos,terreno,capacidad_mva,capex_total_usd,com_a_pct,fuente,ano
L01,linea,500,80,2,rural,2300,102512038,2.5,CNE_ITP2022_3.2.4,2022
L02,linea,500,300,2,rural,1700,345080672,2.5,CNE_ITP2022_3.2.7,2022
L03,linea,500,42,2,rural,1500,56450000,2.5,CNE_ITD_2024_AncoaCharrúa,2024
L04,linea,500,0,2,rural,0,106349606,2.5,Obra_Adjudicada_2024_24_4_OA_11,2024
L05,linea,220,195,1,cordillera,600,145000000,2.5,CNE_Valorización_EncuentroLagunas,2017
L06,linea,220,195,1,cordillera,600,138000000,2.5,CNE_Valorización_ChangosKapatur,2017
L07,linea,220,100,1,rural,400,78000000,2.5,CNE_Valorización_NogalesPolpaico,2011
L08,linea,220,215,1,cordillera,400,168000000,2.5,CNE_Valorización_CardonesDiegoAlmagro,2015
L09,linea,220,17,1,urbano,400,12500000,2.5,CNE_Valorización_ElRodeoChena,2010
L10,linea,220,17,1,urbano,400,11300000,2.5,CNE_Valorización_LoAguirreCerroNavia,2018
L11,linea,220,85,1,cordillera,500,42500000,2.5,CNE_ITP2022_CentinelaKimal,2022
L12,linea,220,142,2,rural,400,56000000,2.5,CNE_Valorización_CiruelosPichirropulli_2cto,2014
L13,linea,110,42,2,rural,90,355928,2.5,Obra_Adjudicada_2021_AltoBajoMelipilla,2021
L14,linea,66,75,1,rural,40,992323,2.5,Obra_Adjudicada_2021_NiriviloConstitucion,2021
L15,linea,220,90,2,cordillera,400,40000000,2.5,CNE_ITD_2024_NuevaChuquicamataMiraje,2024
L16,linea,500,330,2,rural,890,350000000,2.5,CIGRE_Transelec_AltoJahuelAncoaCharrua,2009
L17,linea,500,200,2,rural,1400,410000000,2.5,CIGRE_Transelec_Corredor500kV_post2019,2019
HVDC1,linea,600,1346,1,cordillera,3000,1480000000,2.5,HVDC_Kimal_LoAguirre_adjudicado,2026
HVDC2,linea,500,1083,1,cordillera,2000,551000000,2.5,Coordinador_AnexoIII_2024_Tabla2-4,2024
L20,linea,220,400,1,cordillera,400,220000000,2.5,CNE_PET_2024_extended_sample,2024
L21,linea,110,60,1,rural,90,7500000,2.5,WorldBank_2026_sample_110kV,2020
L22,linea,138,80,2,rural,180,22000000,2.5,NCEP_2003_US_138kV_double,2010
L23,linea,230,150,1,rural,400,32000000,2.5,ACER_2023_EU_230kV,2021
L24,linea,230,150,2,rural,800,54000000,2.5,ACER_2023_EU_230kV_double,2021
L25,linea,345,200,1,rural,600,90000000,2.5,ACER_2023_US_345kV,2021
L26,linea,345,200,2,rural,1200,168000000,2.5,ACER_2023_US_345kV_double,2021
L27,linea,765,200,2,rural,3000,573000000,2.5,WorldBank_2026_765kV,2018
L28,linea,500,150,1,cordillera,1500,80000000,2.5,CAISO_DCRT_2022,2022
S01,se,500,0,0,rural,1500,67460000,2.5,Obra_Adjudicada_2024_OA_G15_Parinas,2024
S02,se,220,0,0,rural,400,1783474,2.5,CNE_ITP2022_3.2.5_Patagual,2022
S03,se,220,0,0,urbano,400,7427484,2.5,CNE_ITP2022_3.2.5_Patagual,2022
S04,se,220,0,0,rural,400,4320000,2.5,Obra_Adjudicada_2024_OA_G03_Taltal,2024
S05,se,220,0,0,urbano,400,32959837,2.5,Obra_Adjudicada_2025_G02_PuntaCortes,2025
S06,se,500,0,0,rural,1500,67980000,2.5,Obra_Adjudicada_2024_OA_G15_Parinas500,2024
S07,se,110,0,0,urbano,90,21337000,2.5,Obra_Adjudicada_2025_G01_CerroNavia_GIS,2025
S08,se,66,0,0,rural,40,2000000,2.5,Obra_Adjudicada_2024_OA_G04_Algarrobal,2024
